sample_id,condition,replicate,gene,expression_log2
control_r1,control,r1,BACH2,8.3767
control_r1,control,r1,CD14,7.2312
control_r1,control,r1,MRC1,6.9835
control_r1,control,r1,CSF1R,9.0058
control_r1,control,r1,TNF,8.4504
control_r1,control,r1,IL10,8.3951
control_r1,control,r1,HSPA1A,8.2022
control_r1,control,r1,CASP3,7.1317
control_r1,control,r1,ACTB,12.2496
control_r1,control,r1,GAPDH,12.4996
control_r2,control,r2,BACH2,8.0643
control_r2,control,r2,CD14,6.229
control_r2,control,r2,MRC1,9.4696
control_r2,control,r2,CSF1R,7.348
control_r2,control,r2,TNF,7.3476
control_r2,control,r2,IL10,8.7638
control_r2,control,r2,HSPA1A,8.4433
control_r2,control,r2,CASP3,8.2666
control_r2,control,r2,ACTB,12.0272
control_r2,control,r2,GAPDH,12.5276
control_r3,control,r3,BACH2,7.3532
control_r3,control,r3,CD14,7.6508
control_r3,control,r3,MRC1,8.2473
control_r3,control,r3,CSF1R,8.0905
control_r3,control,r3,TNF,7.6319
control_r3,control,r3,IL10,7.375
control_r3,control,r3,HSPA1A,7.7477
control_r3,control,r3,CASP3,6.5411
control_r3,control,r3,ACTB,11.9139
control_r3,control,r3,GAPDH,12.8102
mcsf_high_r1,mcsf_high,r1,BACH2,7.2202
mcsf_high_r1,mcsf_high,r1,CD14,11.063
mcsf_high_r1,mcsf_high,r1,MRC1,10.7963
mcsf_high_r1,mcsf_high,r1,CSF1R,10.1702
mcsf_high_r1,mcsf_high,r1,TNF,9.1661
mcsf_high_r1,mcsf_high,r1,IL10,8.9444
mcsf_high_r1,mcsf_high,r1,HSPA1A,5.9507
mcsf_high_r1,mcsf_high,r1,CASP3,7.3633
mcsf_high_r1,mcsf_high,r1,ACTB,12.6063
mcsf_high_r1,mcsf_high,r1,GAPDH,12.9368
mcsf_high_r2,mcsf_high,r2,BACH2,6.5751
mcsf_high_r2,mcsf_high,r2,CD14,10.5773
mcsf_high_r2,mcsf_high,r2,MRC1,8.3676
mcsf_high_r2,mcsf_high,r2,CSF1R,9.9326
mcsf_high_r2,mcsf_high,r2,TNF,8.3599
mcsf_high_r2,mcsf_high,r2,IL10,7.9053
mcsf_high_r2,mcsf_high,r2,HSPA1A,8.1537
mcsf_high_r2,mcsf_high,r2,CASP3,7.5422
mcsf_high_r2,mcsf_high,r2,ACTB,11.9281
mcsf_high_r2,mcsf_high,r2,GAPDH,13.6996
mcsf_high_r3,mcsf_high,r3,BACH2,6.6047
mcsf_high_r3,mcsf_high,r3,CD14,7.1737
mcsf_high_r3,mcsf_high,r3,MRC1,8.618
mcsf_high_r3,mcsf_high,r3,CSF1R,7.7147
mcsf_high_r3,mcsf_high,r3,TNF,8.4845
mcsf_high_r3,mcsf_high,r3,IL10,8.047
mcsf_high_r3,mcsf_high,r3,HSPA1A,6.2283
mcsf_high_r3,mcsf_high,r3,CASP3,8.4969
mcsf_high_r3,mcsf_high,r3,ACTB,12.304
mcsf_high_r3,mcsf_high,r3,GAPDH,13.058
