gene	sample	condition	count
CD14	control_R1	control	419
MRC1	control_R1	control	407
CSF1R	control_R1	control	398
ITGAM	control_R1	control	406
CD68	control_R1	control	401
MARCO	control_R1	control	387
SPI1	control_R1	control	423
GAPDH	control_R1	control	9098
ACTB	control_R1	control	11054
RPL13A	control_R1	control	6925
MKI67	control_R1	control	409
CCND1	control_R1	control	421
NANOG	control_R1	control	401
POU5F1	control_R1	control	387
SOX2	control_R1	control	363
IL1B	control_R1	control	336
TNF	control_R1	control	439
CXCL8	control_R1	control	400
HLA-DRA	control_R1	control	398
CD163	control_R1	control	385
CD14	control_R2	control	403
MRC1	control_R2	control	367
CSF1R	control_R2	control	382
ITGAM	control_R2	control	424
CD68	control_R2	control	403
MARCO	control_R2	control	373
SPI1	control_R2	control	403
GAPDH	control_R2	control	8742
ACTB	control_R2	control	10688
RPL13A	control_R2	control	6925
MKI67	control_R2	control	441
CCND1	control_R2	control	351
NANOG	control_R2	control	429
POU5F1	control_R2	control	395
SOX2	control_R2	control	394
IL1B	control_R2	control	399
TNF	control_R2	control	368
CXCL8	control_R2	control	399
HLA-DRA	control_R2	control	410
CD163	control_R2	control	387
CD14	control_R3	control	425
MRC1	control_R3	control	438
CSF1R	control_R3	control	453
ITGAM	control_R3	control	443
CD68	control_R3	control	479
MARCO	control_R3	control	409
SPI1	control_R3	control	436
GAPDH	control_R3	control	9871
ACTB	control_R3	control	12061
RPL13A	control_R3	control	7571
MKI67	control_R3	control	426
CCND1	control_R3	control	448
NANOG	control_R3	control	447
POU5F1	control_R3	control	438
SOX2	control_R3	control	425
IL1B	control_R3	control	415
TNF	control_R3	control	444
CXCL8	control_R3	control	437
HLA-DRA	control_R3	control	397
CD163	control_R3	control	387
CD14	mcsf_high_R1	mcsf_high	981
MRC1	mcsf_high_R1	mcsf_high	1209
CSF1R	mcsf_high_R1	mcsf_high	826
ITGAM	mcsf_high_R1	mcsf_high	472
CD68	mcsf_high_R1	mcsf_high	416
MARCO	mcsf_high_R1	mcsf_high	948
SPI1	mcsf_high_R1	mcsf_high	465
GAPDH	mcsf_high_R1	mcsf_high	10122
ACTB	mcsf_high_R1	mcsf_high	12319
RPL13A	mcsf_high_R1	mcsf_high	7770
MKI67	mcsf_high_R1	mcsf_high	452
CCND1	mcsf_high_R1	mcsf_high	461
NANOG	mcsf_high_R1	mcsf_high	158
POU5F1	mcsf_high_R1	mcsf_high	142
SOX2	mcsf_high_R1	mcsf_high	175
IL1B	mcsf_high_R1	mcsf_high	435
TNF	mcsf_high_R1	mcsf_high	409
CXCL8	mcsf_high_R1	mcsf_high	456
HLA-DRA	mcsf_high_R1	mcsf_high	429
CD163	mcsf_high_R1	mcsf_high	996
CD14	mcsf_high_R2	mcsf_high	857
MRC1	mcsf_high_R2	mcsf_high	962
CSF1R	mcsf_high_R2	mcsf_high	714
ITGAM	mcsf_high_R2	mcsf_high	375
CD68	mcsf_high_R2	mcsf_high	385
MARCO	mcsf_high_R2	mcsf_high	796
SPI1	mcsf_high_R2	mcsf_high	406
GAPDH	mcsf_high_R2	mcsf_high	8426
ACTB	mcsf_high_R2	mcsf_high	10454
RPL13A	mcsf_high_R2	mcsf_high	6606
MKI67	mcsf_high_R2	mcsf_high	384
CCND1	mcsf_high_R2	mcsf_high	381
NANOG	mcsf_high_R2	mcsf_high	125
POU5F1	mcsf_high_R2	mcsf_high	105
SOX2	mcsf_high_R2	mcsf_high	148
IL1B	mcsf_high_R2	mcsf_high	386
TNF	mcsf_high_R2	mcsf_high	374
CXCL8	mcsf_high_R2	mcsf_high	353
HLA-DRA	mcsf_high_R2	mcsf_high	378
CD163	mcsf_high_R2	mcsf_high	943
CD14	mcsf_high_R3	mcsf_high	876
MRC1	mcsf_high_R3	mcsf_high	1046
CSF1R	mcsf_high_R3	mcsf_high	822
ITGAM	mcsf_high_R3	mcsf_high	395
CD68	mcsf_high_R3	mcsf_high	431
MARCO	mcsf_high_R3	mcsf_high	764
SPI1	mcsf_high_R3	mcsf_high	432
GAPDH	mcsf_high_R3	mcsf_high	8895
ACTB	mcsf_high_R3	mcsf_high	10854
RPL13A	mcsf_high_R3	mcsf_high	7007
MKI67	mcsf_high_R3	mcsf_high	426
CCND1	mcsf_high_R3	mcsf_high	405
NANOG	mcsf_high_R3	mcsf_high	140
POU5F1	mcsf_high_R3	mcsf_high	118
SOX2	mcsf_high_R3	mcsf_high	146
IL1B	mcsf_high_R3	mcsf_high	371
TNF	mcsf_high_R3	mcsf_high	396
CXCL8	mcsf_high_R3	mcsf_high	416
HLA-DRA	mcsf_high_R3	mcsf_high	365
CD163	mcsf_high_R3	mcsf_high	907
