sample_id,condition,replicate,donor,CD14_pos_pct,CD16_pos_pct,viability_pct,CD206_pos_pct,events_acquired
control_D1_w1,control,D1_w1,D1,45.27,14.77,93.03,35.05,49285
control_D1_w2,control,D1_w2,D1,36.51,16.67,93.74,29.79,47382
control_D2_w1,control,D2_w1,D2,35.32,17.53,94.13,30.84,47144
control_D2_w2,control,D2_w2,D2,39.36,16.4,93.76,34.29,47528
control_D3_w1,control,D3_w1,D3,41.26,21.23,91.55,37.1,48188
control_D3_w2,control,D3_w2,D3,49.37,15.0,97.57,33.94,46159
mcsf_high_D1_w1,mcsf_high,D1_w1,D1,64.13,29.88,90.6,61.46,45807
mcsf_high_D1_w2,mcsf_high,D1_w2,D1,65.84,33.12,91.47,59.14,46612
mcsf_high_D2_w1,mcsf_high,D2_w1,D2,65.05,26.78,92.21,57.28,48118
mcsf_high_D2_w2,mcsf_high,D2_w2,D2,65.9,33.21,89.43,53.54,40231
mcsf_high_D3_w1,mcsf_high,D3_w1,D3,75.58,33.2,90.17,57.66,50345
mcsf_high_D3_w2,mcsf_high,D3_w2,D3,68.98,29.78,92.37,56.03,46320
