sample_id,condition,replicate,donor,CD3_pos_pct,CD8_pos_pct,viability_pct,viable_cells_e6,events_acquired
il7_standard_D1_w1,il7_standard,D1_w1,D1,72.44,44.02,88.98,12.28,48556
il7_standard_D1_w2,il7_standard,D1_w2,D1,76.44,46.46,88.04,9.43,49238
il7_standard_D2_w1,il7_standard,D2_w1,D2,67.83,47.78,90.83,9.01,53427
il7_standard_D2_w2,il7_standard,D2_w2,D2,69.26,38.79,83.78,13.62,52044
il7_standard_D3_w1,il7_standard,D3_w1,D3,71.24,45.55,93.6,13.45,53182
il7_standard_D3_w2,il7_standard,D3_w2,D3,76.94,44.45,88.15,10.92,51453
il7_high_D1_w1,il7_high,D1_w1,D1,75.86,43.67,91.12,20.78,50923
il7_high_D1_w2,il7_high,D1_w2,D1,84.29,42.47,89.06,20.67,55744
il7_high_D2_w1,il7_high,D2_w1,D2,77.99,47.74,88.21,19.69,58312
il7_high_D2_w2,il7_high,D2_w2,D2,75.66,38.51,86.31,20.67,50560
il7_high_D3_w1,il7_high,D3_w1,D3,89.94,46.66,92.96,22.85,62695
il7_high_D3_w2,il7_high,D3_w2,D3,82.19,45.52,89.63,19.89,52583
