gene	chrom	tss	strand
SYNGENE000	chr1	232512377	-
SYNGENE001	chr1	36368416	+
SYNGENE002	chr1	166513476	-
SYNGENE003	chr1	102723607	-
SYNGENE004	chr1	74850440	+
SYNGENE005	chr1	139390213	-
SYNGENE006	chr1	7426376	-
SYNGENE007	chr1	43246868	+
SYNGENE008	chr1	155026006	-
SYNGENE009	chr1	33185446	+
SYNGENE010	chr1	35031419	+
SYNGENE011	chr1	49275019	-
SYNGENE012	chr1	33537122	+
SYNGENE013	chr1	193676760	+
SYNGENE014	chr1	232831386	+
SYNGENE015	chr1	244856394	-
SYNGENE016	chr1	17384778	-
SYNGENE017	chr1	91317430	+
SYNGENE018	chr1	86622326	+
SYNGENE019	chr1	139711757	-
SYNGENE020	chr1	181413293	-
SYNGENE021	chr1	163991734	-
SYNGENE022	chr1	109348948	-
SYNGENE023	chr1	199171734	-
SYNGENE024	chr1	212126905	+
SYNGENE025	chr1	93439256	-
SYNGENE026	chr1	72929213	-
SYNGENE027	chr1	22138938	-
SYNGENE028	chr1	69880273	+
SYNGENE029	chr1	165086921	+
SYNGENE030	chr1	245485405	-
SYNGENE031	chr1	129998337	-
SYNGENE032	chr1	23665665	+
SYNGENE033	chr1	196234433	-
SYNGENE034	chr1	222976083	-
SYNGENE035	chr1	179755422	-
SYNGENE036	chr1	127710618	+
SYNGENE037	chr1	133740145	+
SYNGENE038	chr1	29083537	-
SYNGENE039	chr1	112369783	-
SYNGENE100	chr2	60455342	+
SYNGENE101	chr2	98968500	+
SYNGENE102	chr2	142932271	-
SYNGENE103	chr2	23643726	-
SYNGENE104	chr2	240191821	+
SYNGENE105	chr2	144466322	+
SYNGENE106	chr2	28190917	-
SYNGENE107	chr2	3313201	+
SYNGENE108	chr2	198933864	-
SYNGENE109	chr2	161254054	+
SYNGENE110	chr2	213937580	-
SYNGENE111	chr2	189641951	-
SYNGENE112	chr2	131575962	+
SYNGENE113	chr2	114472816	-
SYNGENE114	chr2	66571491	+
SYNGENE115	chr2	216471645	-
SYNGENE116	chr2	216535485	+
SYNGENE117	chr2	136548009	-
SYNGENE118	chr2	172163638	+
SYNGENE119	chr2	232949107	-
SYNGENE120	chr2	215992099	+
SYNGENE121	chr2	126087656	-
SYNGENE122	chr2	177769604	-
SYNGENE123	chr2	30492405	+
SYNGENE124	chr2	232446062	+
SYNGENE125	chr2	7819207	+
SYNGENE126	chr2	14297719	-
SYNGENE127	chr2	35613198	+
SYNGENE128	chr2	60930339	-
SYNGENE129	chr2	100268781	+
SYNGENE130	chr2	85438366	+
SYNGENE131	chr2	55724764	-
SYNGENE132	chr2	123802123	+
SYNGENE133	chr2	78033157	-
SYNGENE134	chr2	67212090	-
SYNGENE135	chr2	26694511	+
SYNGENE136	chr2	181941301	+
SYNGENE137	chr2	38051003	+
SYNGENE138	chr2	42288102	+
SYNGENE139	chr2	155005302	-
SYNGENE200	chr6	28240862	+
SYNGENE201	chr6	118633864	+
SYNGENE202	chr6	74350320	-
SYNGENE203	chr6	54682431	+
SYNGENE204	chr6	52320102	-
SYNGENE205	chr6	109209564	+
SYNGENE206	chr6	129278324	+
SYNGENE207	chr6	30866597	+
SYNGENE208	chr6	71702269	-
SYNGENE209	chr6	17158052	-
SYNGENE210	chr6	105547132	-
SYNGENE211	chr6	50412730	-
SYNGENE212	chr6	35842339	+
SYNGENE213	chr6	134646527	+
SYNGENE214	chr6	90126489	-
SYNGENE215	chr6	150838911	-
SYNGENE216	chr6	45217846	+
SYNGENE217	chr6	39315840	-
SYNGENE218	chr6	116381956	+
SYNGENE219	chr6	60295289	-
SYNGENE220	chr6	133518956	+
SYNGENE221	chr6	78465461	+
SYNGENE222	chr6	59361796	-
SYNGENE223	chr6	81509034	+
SYNGENE224	chr6	48470488	-
SYNGENE225	chr6	23303415	-
SYNGENE226	chr6	115784446	+
SYNGENE227	chr6	86626295	+
SYNGENE228	chr6	25677024	+
SYNGENE229	chr6	29938280	+
SYNGENE230	chr6	61733468	+
SYNGENE231	chr6	166624548	+
SYNGENE232	chr6	88303073	-
SYNGENE233	chr6	6832939	-
SYNGENE234	chr6	107825105	+
SYNGENE235	chr6	144192294	-
SYNGENE236	chr6	143004055	+
SYNGENE237	chr6	155898222	-
SYNGENE238	chr6	137601097	-
SYNGENE239	chr6	24640415	+
